-- Inserir dados relativos a 21 Eventos
INSERT INTO GestaoNucleos.Eventos(numero, nome, local, tipo, n_participantes, n_trabalhadores, area, data) VALUES (1, N'Viva os Cães', 'DMAT', N'angariação de fundos', 43, 8, N'pedagógica', '2023-04-30');
INSERT INTO GestaoNucleos.Eventos(numero, nome, local, tipo, n_participantes, n_trabalhadores, area, data) VALUES (2, N'Concerto Beneficente', 'Auditorio Principal', N'beneficência', 120, 15, N'música', '2023-05-15');
INSERT INTO GestaoNucleos.Eventos(numero, nome, local, tipo, n_participantes, n_trabalhadores, area, data) VALUES (3, N'Feira de Artesanato', N'Praça Central', N'feira', 80, 10, 'artesanato', '2023-07-02');
INSERT INTO GestaoNucleos.Eventos(numero, nome, local, tipo, n_participantes, n_trabalhadores, area, data) VALUES (4, N'Tarde de Leitura', 'Biblioteca Municipal', N'cultural', 30, 5, 'literatura', '2023-06-10');
INSERT INTO GestaoNucleos.Eventos(numero, nome, local, tipo, n_participantes, n_trabalhadores, area, data) VALUES (5, N'Caminhada Solidária', 'Parque da Cidade', N'solidariedade', 150, 20, 'esporte', '2023-08-17');
INSERT INTO GestaoNucleos.Eventos(numero, nome, local, tipo, n_participantes, n_trabalhadores, area, data) VALUES (6, N'Conferência de Ciências', N'Auditório Central', N'educacional', 200, 30, N'ciências', '2023-09-28');
INSERT INTO GestaoNucleos.Eventos(numero, nome, local, tipo, n_participantes, n_trabalhadores, area, data) VALUES (7, N'Exposição de Arte Moderna', 'Galeria de Arte', N'arte', 50, 7, 'arte', '2023-07-20');
INSERT INTO GestaoNucleos.Eventos(numero, nome, local, tipo, n_participantes, n_trabalhadores, area, data) VALUES (8, N'Encontro de Dança', 'Teatro Municipal', N'dança', 80, 12, N'dança', '2023-08-05');
INSERT INTO GestaoNucleos.Eventos(numero, nome, local, tipo, n_participantes, n_trabalhadores, area, data) VALUES (9, N'Festival de Comida Típica', N'Praça dos Sabores', N'gastronomia', 100, 15, N'culinária', '2023-09-10');
INSERT INTO GestaoNucleos.Eventos(numero, nome, local, tipo, n_participantes, n_trabalhadores, area, data) VALUES (10, N'Concurso de Poesia', 'Casa da Cultura', N'concurso', 40, 6, 'literatura', '2023-06-22');
INSERT INTO GestaoNucleos.Eventos(numero, nome, local, tipo, n_participantes, n_trabalhadores, area, data) VALUES (11, N'Torneio de Futebol', N'Estádio Municipal', N'esporte', 200, 25, 'esporte', '2023-07-15');
INSERT INTO GestaoNucleos.Eventos(numero, nome, local, tipo, n_participantes, n_trabalhadores, area, data) VALUES (12, N'Palestra sobre Sustentabilidade', N'Centro de Convenções', N'palestra', 70, 8, 'meio ambiente', '2023-08-25');
INSERT INTO GestaoNucleos.Eventos(numero, nome, local, tipo, n_participantes, n_trabalhadores, area, data) VALUES (13, N'Feira de Tecnologia', N'Centro de Exposições', N'tecnologia', 150, 20, 'tecnologia', '2023-09-18');
INSERT INTO GestaoNucleos.Eventos(numero, nome, local, tipo, n_participantes, n_trabalhadores, area, data) VALUES (14, N'Espetáculo de Teatro', 'Teatro Municipal', N'teatro', 60, 8, 'teatro', '2023-10-07');
INSERT INTO GestaoNucleos.Eventos(numero, nome, local, tipo, n_participantes, n_trabalhadores, area, data) VALUES (15, N'Workshop de Fotografia', N'Estúdio Fotográfico', N'workshop', 25, 4, 'fotografia', '2023-11-02');
INSERT INTO GestaoNucleos.Eventos(numero, nome, local, tipo, n_participantes, n_trabalhadores, area, data) VALUES (16, N'Festival de Música', N'Praça Central', N'música', 120, 18, N'música', '2023-07-30');
INSERT INTO GestaoNucleos.Eventos(numero, nome, local, tipo, n_participantes, n_trabalhadores, area, data) VALUES (17, N'Tarde de Recreação Infantil', 'Parque Infantil', N'recreação', 50, 10, 'infantil', '2023-08-12');
INSERT INTO GestaoNucleos.Eventos(numero, nome, local, tipo, n_participantes, n_trabalhadores, area, data) VALUES (18, N'Encontro de Negócios', N'Centro de Negócios', N'negócios', 80, 12, N'negócios', '2023-09-05');
INSERT INTO GestaoNucleos.Eventos(numero, nome, local, tipo, n_participantes, n_trabalhadores, area, data) VALUES (19, N'Feira de Livros', N'Praça dos Livros', N'feira', 70, 8, 'literatura', '2023-10-20');
INSERT INTO GestaoNucleos.Eventos(numero, nome, local, tipo, n_participantes, n_trabalhadores, area, data) VALUES (20, N'Conferência de Marketing', N'Centro de Convenções', N'conferência', 100, 15, 'marketing', '2023-11-12');
INSERT INTO GestaoNucleos.Eventos(numero, nome, local, tipo, n_participantes, n_trabalhadores, area, data) VALUES (21, N'Exposição de Fotografia', 'Galeria de Arte', N'arte', 40, 6, 'fotografia', '2023-12-03');

-- Inserir dados relativos a 15 Eventos Monetários
INSERT INTO GestaoNucleos.EventosMonetarios (numero, codigo_ev_mon, lucro) values (1, 200, 8.8);
INSERT INTO GestaoNucleos.EventosMonetarios (numero, codigo_ev_mon, lucro) values (3, 202, 1000.0);
INSERT INTO GestaoNucleos.EventosMonetarios (numero, codigo_ev_mon, lucro) values (6, 303, 200.0);
INSERT INTO GestaoNucleos.EventosMonetarios (numero, codigo_ev_mon, lucro) values (7, 457, 199.22);
INSERT INTO GestaoNucleos.EventosMonetarios (numero, codigo_ev_mon, lucro) values (8, 292, 2.03);
INSERT INTO GestaoNucleos.EventosMonetarios (numero, codigo_ev_mon, lucro) values (12, 301, -22.2);
INSERT INTO GestaoNucleos.EventosMonetarios (numero, codigo_ev_mon, lucro) values (13, 195, 111.01);
INSERT INTO GestaoNucleos.EventosMonetarios (numero, codigo_ev_mon, lucro) values (15, 920, 87.3);
INSERT INTO GestaoNucleos.EventosMonetarios (numero, codigo_ev_mon, lucro) values (16, 902, 89.9);
INSERT INTO GestaoNucleos.EventosMonetarios (numero, codigo_ev_mon, lucro) values (17, 650, 2.08);
INSERT INTO GestaoNucleos.EventosMonetarios (numero, codigo_ev_mon, lucro) values (18, 222, 14.0);
INSERT INTO GestaoNucleos.EventosMonetarios (numero, codigo_ev_mon, lucro) values (5, 455, 10897.41);
INSERT INTO GestaoNucleos.EventosMonetarios (numero, codigo_ev_mon, lucro) values (2, 234, 564.3)
INSERT INTO GestaoNucleos.EventosMonetarios (numero, codigo_ev_mon, lucro) values (20, 276, 2398.4);
INSERT INTO GestaoNucleos.EventosMonetarios (numero, codigo_ev_mon, lucro) values (21, 877, 232.0);

-- Inserir dados relativos a 44 pulseiras
INSERT INTO GestaoNucleos.Pulseiras(id, evento_numero) values (10168, 3);
INSERT INTO GestaoNucleos.Pulseiras(id, evento_numero) values (10169, 6);
INSERT INTO GestaoNucleos.Pulseiras(id, evento_numero) values (10170, 7);
INSERT INTO GestaoNucleos.Pulseiras(id, evento_numero) values (10171, 8);
INSERT INTO GestaoNucleos.Pulseiras(id, evento_numero) values (10172, 12);
INSERT INTO GestaoNucleos.Pulseiras(id, evento_numero) values (10173, 13);
INSERT INTO GestaoNucleos.Pulseiras(id, evento_numero) values (10174, 15);
INSERT INTO GestaoNucleos.Pulseiras(id, evento_numero) values (10175, 16);
INSERT INTO GestaoNucleos.Pulseiras(id, evento_numero) values (10176, 17);
INSERT INTO GestaoNucleos.Pulseiras(id, evento_numero) values (10177, 18);
INSERT INTO GestaoNucleos.Pulseiras(id, evento_numero) values (10178, 5);
INSERT INTO GestaoNucleos.Pulseiras(id, evento_numero) values (10179, 2);
INSERT INTO GestaoNucleos.Pulseiras(id, evento_numero) values (10180, 20);
INSERT INTO GestaoNucleos.Pulseiras(id, evento_numero) values (10181, 21);
INSERT INTO GestaoNucleos.Pulseiras(id, evento_numero) values (10182, 1);
INSERT INTO GestaoNucleos.Pulseiras(id, evento_numero) values (10183, 3);
INSERT INTO GestaoNucleos.Pulseiras(id, evento_numero) values (10184, 6);
INSERT INTO GestaoNucleos.Pulseiras(id, evento_numero) values (10185, 7);
INSERT INTO GestaoNucleos.Pulseiras(id, evento_numero) values (10186, 8);
INSERT INTO GestaoNucleos.Pulseiras(id, evento_numero) values (10187, 12);
INSERT INTO GestaoNucleos.Pulseiras(id, evento_numero) values (10188, 13);
INSERT INTO GestaoNucleos.Pulseiras(id, evento_numero) values (10189, 15);
INSERT INTO GestaoNucleos.Pulseiras(id, evento_numero) values (10190, 16);
INSERT INTO GestaoNucleos.Pulseiras(id, evento_numero) values (10191, 17);
INSERT INTO GestaoNucleos.Pulseiras(id, evento_numero) values (10192, 18);
INSERT INTO GestaoNucleos.Pulseiras(id, evento_numero) values (10193, 5);
INSERT INTO GestaoNucleos.Pulseiras(id, evento_numero) values (10194, 2);
INSERT INTO GestaoNucleos.Pulseiras(id, evento_numero) values (10195, 20);
INSERT INTO GestaoNucleos.Pulseiras(id, evento_numero) values (10196, 21);
INSERT INTO GestaoNucleos.Pulseiras(id, evento_numero) values (10197, 7);
INSERT INTO GestaoNucleos.Pulseiras(id, evento_numero) values (10198, 1);
INSERT INTO GestaoNucleos.Pulseiras(id, evento_numero) values (10199, 3);
INSERT INTO GestaoNucleos.Pulseiras(id, evento_numero) values (10200, 6);
INSERT INTO GestaoNucleos.Pulseiras(id, evento_numero) values (10201, 7);
INSERT INTO GestaoNucleos.Pulseiras(id, evento_numero) values (10202, 8);
INSERT INTO GestaoNucleos.Pulseiras(id, evento_numero) values (10203, 12);
INSERT INTO GestaoNucleos.Pulseiras(id, evento_numero) values (10204, 13);
INSERT INTO GestaoNucleos.Pulseiras(id, evento_numero) values (10205, 15);
INSERT INTO GestaoNucleos.Pulseiras(id, evento_numero) values (10206, 16);
INSERT INTO GestaoNucleos.Pulseiras(id, evento_numero) values (10207, 17);
INSERT INTO GestaoNucleos.Pulseiras(id, evento_numero) values (10208, 18);
INSERT INTO GestaoNucleos.Pulseiras(id, evento_numero) values (10209, 5);
INSERT INTO GestaoNucleos.Pulseiras(id, evento_numero) values (10210, 2);
INSERT INTO GestaoNucleos.Pulseiras(id, evento_numero) values (10211, 20);
INSERT INTO GestaoNucleos.Pulseiras(id, evento_numero) values (10212, 21);

-- Inserir dados relativos a 6 eventos não monetários
--INSERT INTO GestaoNucleos.EventosNaoMonetarios(numero, Sponsor_CC) values (4, '4872093');
--INSERT INTO GestaoNucleos.EventosNaoMonetarios(numero, Sponsor_CC) values (9, '4872099');
--INSERT INTO GestaoNucleos.EventosNaoMonetarios(numero, Sponsor_CC) values (10, '9564038');
--INSERT INTO GestaoNucleos.EventosNaoMonetarios(numero, Sponsor_CC) values (11, '3218765');
--INSERT INTO GestaoNucleos.EventosNaoMonetarios(numero, Sponsor_CC) values (14, '8745620');
--INSERT INTO GestaoNucleos.EventosNaoMonetarios(numero, Sponsor_CC) values (19, '2039876');

-- Inserir dados relativos a 10 produtos
INSERT INTO GestaoNucleos.Produtos (codigo, nome, tipo, preco_compra, preco_venda, quantidade, data_validade) VALUES (8, 'Vodka Absolut', N'Bebida Alcoólica', 18.0, 25.0, 50, '2024-06-30');
INSERT INTO GestaoNucleos.Produtos (codigo, nome, tipo, preco_compra, preco_venda, quantidade, data_validade) VALUES (9, 'Coca-Cola', N'Bebida Não Alcoólica', 1.5, 2.5, 100, NULL);
INSERT INTO GestaoNucleos.Produtos (codigo, nome, tipo, preco_compra, preco_venda, quantidade, data_validade) VALUES (10, 'Cerveja Artesanal', N'Bebida Alcoólica', 3.0, 5.0, 80, '2023-12-31');
INSERT INTO GestaoNucleos.Produtos (codigo, nome, tipo, preco_compra, preco_venda, quantidade, data_validade) VALUES (11, N'Água Mineral', N'Bebida Não Alcoólica', 0.5, 1.0, 200, NULL);
INSERT INTO GestaoNucleos.Produtos (codigo, nome, tipo, preco_compra, preco_venda, quantidade, data_validade) VALUES (12, 'Salgadinhos de Festa', N'Alimentação', 2.0, 3.5, 150, '2024-04-30');
INSERT INTO GestaoNucleos.Produtos (codigo, nome, tipo, preco_compra, preco_venda, quantidade, data_validade) VALUES (13, 'Vinho Tinto', N'Bebida Alcoólica', 6.0, 10.0, 70, '2025-01-01');
INSERT INTO GestaoNucleos.Produtos (codigo, nome, tipo, preco_compra, preco_venda, quantidade, data_validade) VALUES (14, N'Champagne Moët & Chandon', N'Bebida Alcoólica', 40.0, 60.0, 30, '2024-02-28');
INSERT INTO GestaoNucleos.Produtos (codigo, nome, tipo, preco_compra, preco_venda, quantidade, data_validade) VALUES (15, 'Salsicha', N'Alimentação', 1.5, 3.0, 100, '2024-03-31');
INSERT INTO GestaoNucleos.Produtos (codigo, nome, tipo, preco_compra, preco_venda, quantidade, data_validade) VALUES (16, 'Sardinhas em Lata', N'Alimentação', 1.2, 2.5, 80, '2025-06-30');
INSERT INTO GestaoNucleos.Produtos (codigo, nome, tipo, preco_compra, preco_venda, quantidade, data_validade) VALUES (17, N'Café Solúvel', N'Bebida Não Alcoólica', 2.0, 4.0, 120, '2023-10-31');

-- Inserir dados relativos a Eventos Monetários
INSERT INTO GestaoNucleos.EventosMonetarios (numero, codigo_ev_mon, lucro) values (1, 200, 8.8);
INSERT INTO GestaoNucleos.EventosMonetarios (numero, codigo_ev_mon, lucro) values (3, 202, 1000.0);
INSERT INTO GestaoNucleos.EventosMonetarios (numero, codigo_ev_mon, lucro) values (6, 303, 200.0);
INSERT INTO GestaoNucleos.EventosMonetarios (numero, codigo_ev_mon, lucro) values (7, 457, 199.22);
INSERT INTO GestaoNucleos.EventosMonetarios (numero, codigo_ev_mon, lucro) values (8, 292, 2.03);
INSERT INTO GestaoNucleos.EventosMonetarios (numero, codigo_ev_mon, lucro) values (12, 301, -22.2);
INSERT INTO GestaoNucleos.EventosMonetarios (numero, codigo_ev_mon, lucro) values (13, 195, 111.01);
INSERT INTO GestaoNucleos.EventosMonetarios (numero, codigo_ev_mon, lucro) values (15, 920, 87.3);
INSERT INTO GestaoNucleos.EventosMonetarios (numero, codigo_ev_mon, lucro) values (16, 902, 89.9);
INSERT INTO GestaoNucleos.EventosMonetarios (numero, codigo_ev_mon, lucro) values (17, 650, 2.08);
INSERT INTO GestaoNucleos.EventosMonetarios (numero, codigo_ev_mon, lucro) values (18, 222, 14.0);
INSERT INTO GestaoNucleos.EventosMonetarios (numero, codigo_ev_mon, lucro) values (5, 455, 10897.41);
INSERT INTO GestaoNucleos.EventosMonetarios (numero, codigo_ev_mon, lucro) values (2, 234, 564.3)
INSERT INTO GestaoNucleos.EventosMonetarios (numero, codigo_ev_mon, lucro) values (20, 276, 2398.4);
INSERT INTO GestaoNucleos.EventosMonetarios (numero, codigo_ev_mon, lucro) values (21, 877, 232.0);

-- Inserir dados relativos a RF
INSERT INTO GestaoNucleos.ResponsavelFinanceiro(n_CC, id, data_in, data_out) values ('23456789', 5, '2022-09-30', null)

-- Inserir dados na relação EventMonet_tem_Produtos
INSERT INTO GestaoNucleos.EventMonet_tem_Produtos(numero, codigo, n_CC, dinheiro_investido) VALUES (1, 8, 23456789, 3455.6);
INSERT INTO GestaoNucleos.EventMonet_tem_Produtos(numero, codigo, n_CC, dinheiro_investido) VALUES (3, 8, 23456789, 657676.3);
INSERT INTO GestaoNucleos.EventMonet_tem_Produtos(numero, codigo, n_CC, dinheiro_investido) VALUES (6, 8, 23456789, 5456);
INSERT INTO GestaoNucleos.EventMonet_tem_Produtos(numero, codigo, n_CC, dinheiro_investido) VALUES (7, 9, 23456789, 656);
INSERT INTO GestaoNucleos.EventMonet_tem_Produtos(numero, codigo, n_CC, dinheiro_investido) VALUES (8, 10, 23456789, 200);
INSERT INTO GestaoNucleos.EventMonet_tem_Produtos(numero, codigo, n_CC, dinheiro_investido) VALUES (12, 11, 23456789, 230);
INSERT INTO GestaoNucleos.EventMonet_tem_Produtos(numero, codigo, n_CC, dinheiro_investido) VALUES (13, 11, 23456789, 7.8);
INSERT INTO GestaoNucleos.EventMonet_tem_Produtos(numero, codigo, n_CC, dinheiro_investido) VALUES (15, 10, 23456789, 5670);
INSERT INTO GestaoNucleos.EventMonet_tem_Produtos(numero, codigo, n_CC, dinheiro_investido) VALUES (16, 8, 23456789, 35.5);
INSERT INTO GestaoNucleos.EventMonet_tem_Produtos(numero, codigo, n_CC, dinheiro_investido) VALUES (17, 9, 23456789, 4546);
INSERT INTO GestaoNucleos.EventMonet_tem_Produtos(numero, codigo, n_CC, dinheiro_investido) VALUES (18, 9, 23456789, 546.3);
INSERT INTO GestaoNucleos.EventMonet_tem_Produtos(numero, codigo, n_CC, dinheiro_investido) VALUES (5, 9, 23456789, 4657.8);
INSERT INTO GestaoNucleos.EventMonet_tem_Produtos(numero, codigo, n_CC, dinheiro_investido) VALUES (2, 10, 23456789, 1212);
INSERT INTO GestaoNucleos.EventMonet_tem_Produtos(numero, codigo, n_CC, dinheiro_investido) VALUES (20, 10, 23456789, 980);
INSERT INTO GestaoNucleos.EventMonet_tem_Produtos(numero, codigo, n_CC, dinheiro_investido) VALUES (21, 10, 23456789, 351);

-- Inserir dados relativos a 15 pessoas
INSERT INTO GestaoNucleos.Pessoa (n_CC, nome, morada, telemovel, email) VALUES ('12345678', N'Diogo Falcão', 'Rua das Flores, Castelo Branco', 912345678, 'falcao.diogo@example.com');
INSERT INTO GestaoNucleos.Pessoa (n_CC, nome, morada, telemovel, email) VALUES ('23456789', 'Matilde Teixeira', 'Avenida Central, Coimbra', 923456789, 'matilde.teixeira@example.com');
INSERT INTO GestaoNucleos.Pessoa (n_CC, nome, morada, telemovel, email) VALUES ('34567890', 'Pedro Costa', N'Praça do Comércio, Lisboa', 934567890, 'pedro.costa@example.com');
INSERT INTO GestaoNucleos.Pessoa (n_CC, nome, morada, telemovel, email) VALUES ('45678901', 'Ana Rodrigues', 'Rua da Liberdade, Porto', 945678901, 'ana.rodrigues@example.com');
INSERT INTO GestaoNucleos.Pessoa (n_CC, nome, morada, telemovel, email) VALUES ('56789012', 'Carlos Almeida', N'Avenida da República, Lisboa', 956789012, 'carlos.almeida@example.com');
INSERT INTO GestaoNucleos.Pessoa (n_CC, nome, morada, telemovel, email) VALUES ('67890123', 'Sofia Pereira', 'Rua do Carmo, Porto', 967890123, 'sofia.pereira@example.com');
INSERT INTO GestaoNucleos.Pessoa (n_CC, nome, morada, telemovel, email) VALUES ('78901234', 'Miguel Fernandes', 'Avenida Paulista, Lisboa', 978901234, 'miguel.fernandes@example.com');
INSERT INTO GestaoNucleos.Pessoa (n_CC, nome, morada, telemovel, email) VALUES ('89012345', N'Patrícia Gonçalves', 'Rua Augusta, Porto', 989012345, 'patricia.goncalves@example.com');
INSERT INTO GestaoNucleos.Pessoa (n_CC, nome, morada, telemovel, email) VALUES ('90123456', 'Rui Santos', N'Praça do Rossio, Lisboa', 990123456, 'rui.santos@example.com');
INSERT INTO GestaoNucleos.Pessoa (n_CC, nome, morada, telemovel, email) VALUES ('01234567', N'Inês Costa', 'Avenida da Boavista, Porto', 901234567, 'ines.costa@example.com');
INSERT INTO GestaoNucleos.Pessoa (n_CC, nome, morada, telemovel, email) VALUES ('11223344', N'Luís Oliveira', 'Rua dos Aliados, Lisboa', 911223344, 'luis.oliveira@example.com');
INSERT INTO GestaoNucleos.Pessoa (n_CC, nome, morada, telemovel, email) VALUES ('22334455', 'Andreia Santos', 'Avenida dos Aliados, Porto', 922334455, 'andreia.santos@example.com');
INSERT INTO GestaoNucleos.Pessoa (n_CC, nome, morada, telemovel, email) VALUES ('33445566', 'Ricardo Alves', N'Praça da Liberdade, Lisboa', 933445566, 'ricardo.alves@example.com');
INSERT INTO GestaoNucleos.Pessoa (n_CC, nome, morada, telemovel, email) VALUES ('44556677', 'Carolina Pereira', 'Rua de Santa Catarina, Porto', 944556677, 'carolina.pereira@example.com');
INSERT INTO GestaoNucleos.Pessoa (n_CC, nome, morada, telemovel, email) VALUES ('55667788', 'Hugo Fernandes', 'Avenida da Liberdade, Lisboa', 955667788, 'hugo.fernandes@example.com');

-- sponsor:
INSERT INTO GestaoNucleos.Pessoa (n_CC, nome, morada, telemovel, email) VALUES ('45467788', 'Sponsor Mestre', 'Serra da Estrela', 967876672, 'elsponsor.mestre@example.com');

-- Inserir dados relativos à relação Event_tem_Trab
INSERT INTO GestaoNucleos.Event_tem_Trab(evento_numero, n_CC) VALUES (1, '12345678');
INSERT INTO GestaoNucleos.Event_tem_Trab(evento_numero, n_CC) VALUES (1, '23456789')
INSERT INTO GestaoNucleos.Event_tem_Trab(evento_numero, n_CC) VALUES (1, '34567890')
INSERT INTO GestaoNucleos.Event_tem_Trab(evento_numero, n_CC) VALUES (1, '12345678')

INSERT INTO GestaoNucleos.Event_tem_Trab(evento_numero, n_CC) VALUES (2, '56789012')
INSERT INTO GestaoNucleos.Event_tem_Trab(evento_numero, n_CC) VALUES (2, '34567890')

INSERT INTO GestaoNucleos.Event_tem_Trab(evento_numero, n_CC) VALUES (3, '90123456')
INSERT INTO GestaoNucleos.Event_tem_Trab(evento_numero, n_CC) VALUES (3, '22334455')
INSERT INTO GestaoNucleos.Event_tem_Trab(evento_numero, n_CC) VALUES (3, '55667788')

INSERT INTO GestaoNucleos.Event_tem_Trab(evento_numero, n_CC) VALUES (4, '55667788')

INSERT INTO GestaoNucleos.Event_tem_Trab(evento_numero, n_CC) VALUES (5, '55667788')

INSERT INTO GestaoNucleos.Event_tem_Trab(evento_numero, n_CC) VALUES (6, '34567890')

INSERT INTO GestaoNucleos.Event_tem_Trab(evento_numero, n_CC) VALUES (7, '56789012')
INSERT INTO GestaoNucleos.Event_tem_Trab(evento_numero, n_CC) VALUES (7, '22334455')

INSERT INTO GestaoNucleos.Event_tem_Trab(evento_numero, n_CC) VALUES (8, '55667788')
INSERT INTO GestaoNucleos.Event_tem_Trab(evento_numero, n_CC) VALUES (8, '34567890')
INSERT INTO GestaoNucleos.Event_tem_Trab(evento_numero, n_CC) VALUES (8, '56789012')

-- continuar

-- Inserir dados relativos a Sponsor
INSERT INTO GestaoNucleos.Sponsor(n_CC, type) VALUES ('45467788', 'Strategic Partner')

-- Inserir dados relativos a Trabalhadores
INSERT INTO GestaoNucleos.Trabalhadores(n_CC, n_horas) VALUES ('12345678', 32);
INSERT INTO GestaoNucleos.Trabalhadores(n_CC, n_horas) VALUES ('45678901', 32);
INSERT INTO GestaoNucleos.Trabalhadores(n_CC, n_horas) VALUES ('56789012', 32);
INSERT INTO GestaoNucleos.Trabalhadores(n_CC, n_horas) VALUES ('78901234', 32);
INSERT INTO GestaoNucleos.Trabalhadores(n_CC, n_horas) VALUES ('01234567', 32);
INSERT INTO GestaoNucleos.Trabalhadores(n_CC, n_horas) VALUES ('44556677', 32);

-- Inserir dados relativos a Externos
INSERT INTO GestaoNucleos.Externo(n_CC, salario_hora, id_RF) VALUES ('44556677', 17.5, 5);

-- Inserir dados relativos à relação RF_paga_Externo
INSERT INTO GestaoNucleos.RF_paga_Externo(n_CC_externo, n_CC_RF) VALUES ('44556677', '23456789'); -- NÃO ESTÁ A DAR

-- Inserir dados relativos a Membro
INSERT INTO GestaoNucleos.Membro(n_CC, n_mecanografico) VALUES ('12345678', 108712);
INSERT INTO GestaoNucleos.Membro(n_CC, n_mecanografico) VALUES ('56789012', 108840);

-- Inserir dados relativos a EventosNaoMonetarios
INSERT INTO GestaoNucleos.EventosNaoMonetarios(numero, Sponsor_CC) VALUES (2 , '45467788');